ID,Class,Gender,Condition,WB_1,WB_2,WB_3
ID0007,8,Male,Control,2.2,2.15,2.15
ID0023,117,Male,Control,2.2,2.15,2.15
ID0031,56,Male,Control,2.2,2.15,2.15
ID0032,99,Female,Control,3.1,3.0124999999999997,2.15
ID0034,108,Male,Control,2.2,2.15,2.15
ID0037,97,Male,Control,2.2,2.15,2.15
ID0043,31,Female,Control,2.2,2.15,2.15
ID0044,20,Female,Control,3.6999999999999997,3.5875,5.3125
ID0045,37,Female,Control,4.3,4.1625,3.0124999999999997
ID0047,37,Female,Control,4.3,4.1625,2.4375
ID0050,16,Male,Control,2.2,2.15,2.15
ID0061,42,Female,Control,2.2,2.15,3.0124999999999997
ID0070,15,Female,Control,2.2,2.15,2.15
ID0071,23,Male,Control,2.2,2.15,2.15
ID0073,56,Female,Control,4,3.875,3.5875
ID0080,37,Female,Control,2.2,2.15,2.15
ID0086,16,Female,Control,2.5,2.4375,3.3
ID0090,6,Male,Control,2.2,2.15,2.15
ID0091,15,Female,Control,2.2,2.15,3.5875
ID0092,37,Male,Control,2.2,2.15,2.15
ID0105,99,Female,Control,4,3.875,2.7249999999999996
ID0108,31,Male,Control,2.2,2.15,2.15
ID0113,117,Female,Control,2.2,2.15,2.4375
ID0115,17,Male,Control,2.2,2.15,2.15
ID0116,8,Female,Control,2.2,2.15,2.7249999999999996
ID0118,7,Female,Control,2.8,2.7249999999999996,2.15
ID0127,6,Male,Control,2.2,2.15,2.15
ID0129,99,Female,Control,2.2,2.15,2.15
ID0141,8,Female,Control,2.8,2.7249999999999996,2.15
ID0149,5,Male,Control,2.2,2.15,2.15
ID0151,30,Male,Control,2.2,2.15,2.15
ID0164,48,Female,Control,3.1,3.0124999999999997,3.0124999999999997
ID0168,20,Female,Control,3.4,3.3,3.5875
ID0172,16,Female,Control,2.8,2.7249999999999996,3.875
ID0175,99,Male,Control,4,3.875,2.15
ID0177,99,Male,Control,2.2,2.15,2.15
ID0181,108,Male,Control,2.2,2.15,2.15
ID0182,42,Male,Control,3.1,3.0124999999999997,2.7249999999999996
ID0186,97,Female,Control,2.2,2.15,2.15
ID0187,97,Female,Control,2.2,2.15,2.15
ID0188,30,Male,Control,2.2,2.15,2.15
ID0195,118,Male,Control,3.1,3.0124999999999997,3.0124999999999997
ID0198,109,Male,Control,2.2,2.15,2.15
ID0201,108,Female,Control,2.5,2.4375,2.4375
ID0205,99,Female,Control,3.4,3.3,3.0124999999999997
ID0211,49,Female,Control,2.2,2.15,2.15
ID0216,17,Male,Control,2.2,2.15,2.15
ID0217,117,Female,Control,2.2,2.15,2.15
ID0221,56,Male,Control,3.4,3.3,3.3
ID0223,23,Female,Control,3.6999999999999997,3.5875,3.3
ID0235,4,Male,Control,2.2,2.15,2.15
ID0238,23,Female,Control,4.3,4.1625,3.5875
ID0241,6,Female,Control,2.2,2.15,2.15
ID0244,17,Female,Control,2.5,2.4375,2.4375
ID0245,119,Female,Control,2.2,2.15,2.4375
ID0253,23,Female,Control,5.2,5.0249999999999995,4.449999999999999
ID0255,30,Male,Control,2.2,2.15,2.15
ID0256,16,Male,Control,2.2,2.15,2.15
ID0262,5,Female,Control,2.2,2.15,3.875
ID0263,15,Female,Control,2.2,2.15,3.875
ID0265,48,Female,Control,3.6999999999999997,3.5875,3.5875
ID0272,5,Male,Control,2.2,2.15,3.875
ID0285,30,Female,Control,2.2,2.15,2.15
ID0289,31,Female,Control,2.2,2.15,2.4375
ID0290,20,Female,Control,2.2,2.15,2.15
ID0295,109,Female,Control,2.2,2.15,2.15
ID0310,16,Male,Control,2.2,2.15,3.3
ID0314,97,Female,Control,2.2,2.15,2.15
ID0318,56,Male,Control,3.6999999999999997,3.5875,3.3
ID0321,8,Male,Control,3.1,3.0124999999999997,2.15
ID0331,37,Male,Control,2.2,2.15,2.15
ID0337,17,Male,Control,2.5,2.4375,3.0124999999999997
ID0341,5,Female,Control,2.2,2.15,2.15
ID0345,48,Male,Control,2.2,2.15,2.15
ID0358,48,Male,Control,2.2,2.15,2.4375
ID0360,118,Female,Control,3.1,3.0124999999999997,2.15
ID0364,117,Female,Control,2.2,2.15,2.15
ID0368,4,Female,Control,2.2,2.15,2.15
ID0370,48,Male,Control,2.8,2.7249999999999996,2.7249999999999996
ID0372,4,Female,Control,2.2,2.15,2.15
ID0375,17,Female,Control,2.8,2.7249999999999996,3.3
ID0383,37,Male,Control,2.2,2.15,2.15
ID0391,56,Male,Control,3.4,3.3,3.3
ID0394,23,Male,Control,2.2,2.15,2.15
ID0400,23,Female,Control,2.2,2.15,2.15
ID0404,99,Female,Control,3.4,3.3,2.15
ID0406,20,Female,Control,2.5,2.4375,2.4375
ID0407,23,Female,Control,4.9,4.7375,5.0249999999999995
ID0415,6,Male,Control,2.2,2.15,2.15
ID0420,20,Female,Control,2.5,2.4375,2.7249999999999996
ID0422,4,Female,Control,2.2,2.15,2.15
ID0425,15,Female,Control,2.2,2.15,2.4375
ID0429,118,Male,Control,2.2,2.15,2.15
ID0436,6,Female,Control,2.2,2.15,2.7249999999999996
ID0438,6,Male,Control,2.2,2.15,2.15
ID0441,42,Male,Control,2.2,2.15,2.15
ID0443,23,Female,Control,2.2,2.15,2.15
ID0455,16,Male,Control,2.2,2.15,2.15
ID0457,17,Female,Control,2.5,2.4375,2.7249999999999996
ID0462,4,Female,Control,2.2,2.15,2.15
ID0463,48,Female,Control,2.2,2.15,3.3
ID0466,6,Female,Control,2.2,2.15,2.15
ID0472,118,Male,Control,2.2,2.15,2.15
ID0476,8,Female,Control,2.8,2.7249999999999996,3.0124999999999997
ID0481,118,Male,Control,2.2,2.15,2.15
ID0494,42,Female,Control,2.2,2.15,2.15
ID0497,5,Male,Control,2.2,2.15,2.15
ID0498,16,Female,Control,2.2,2.15,2.15
ID0501,97,Male,Control,2.2,2.15,2.15
ID0502,97,Female,Control,4,3.875,3.0124999999999997
ID0515,17,Male,Control,2.2,2.15,2.7249999999999996
ID0528,99,Male,Control,2.5,2.4375,2.15
ID0529,37,Male,Control,3.1,3.0124999999999997,2.15
ID0538,4,Male,Control,2.2,2.15,3.0124999999999997
ID0544,16,Male,Control,4.3,4.1625,2.4375
ID0550,6,Female,Control,3.1,3.0124999999999997,2.15
ID0551,8,Female,Control,2.2,2.15,2.15
ID0552,31,Female,Control,2.2,2.15,2.15
ID0554,48,Male,Control,3.4,3.3,3.0124999999999997
ID0560,23,Female,Control,3.6999999999999997,3.5875,3.5875
ID0566,48,Female,Control,4.6,4.449999999999999,4.7375
ID0567,49,Male,Control,2.2,2.15,2.15
ID0577,31,Female,Control,2.2,2.15,2.15
ID0579,6,Female,Control,2.2,2.15,2.15
ID0584,118,Male,Control,2.2,2.15,2.15
ID0585,97,Male,Control,3.1,3.0124999999999997,2.15
ID0589,31,Female,Control,2.2,2.15,2.7249999999999996
ID0593,42,Male,Control,2.2,2.15,2.15
ID0603,16,Female,Control,2.2,2.15,2.15
ID0607,119,Female,Control,2.2,2.15,2.15
ID0608,17,Male,Control,2.2,2.15,2.4375
ID0610,97,Male,Control,2.2,2.15,2.15
ID0611,6,Female,Control,2.2,2.15,2.15
ID0615,6,Female,Control,2.2,2.15,2.15
ID0623,6,Female,Control,2.8,2.7249999999999996,2.7249999999999996
ID0631,30,Female,Control,2.2,2.15,2.15
ID0633,8,Female,Control,2.8,2.7249999999999996,4.449999999999999
ID0636,49,Male,Control,2.2,2.15,2.15
ID0644,56,Female,Control,3.4,3.3,3.3
ID0648,4,Female,Control,2.2,2.15,3.5875
ID0654,56,Female,Control,2.8,2.7249999999999996,2.7249999999999996
ID0655,108,Male,Control,2.5,2.4375,2.4375
ID0657,50,Male,Control,2.2,2.15,2.15
ID0659,30,Female,Control,2.2,2.15,2.15
ID0666,97,Male,Control,2.2,2.15,2.15
ID0672,8,Male,Control,2.2,2.15,2.15
ID0674,97,Female,Control,2.2,2.15,2.15
ID0678,109,Male,Control,2.2,2.15,2.15
ID0683,109,Male,Control,2.2,2.15,2.15
ID0686,5,Female,Control,2.2,2.15,2.15
ID0687,5,Female,Control,2.2,2.15,2.7249999999999996
ID0689,31,Female,Control,2.2,2.15,2.15
ID0691,17,Male,Control,2.5,2.4375,3.0124999999999997
ID0694,31,Male,Control,2.2,2.15,2.15
ID0705,4,Male,Control,2.2,2.15,2.7249999999999996
ID0706,56,Female,Control,4.3,4.1625,3.5875
ID0708,31,Female,Control,2.2,2.15,2.15
ID0709,15,Female,Control,2.5,2.4375,3.3
ID0713,119,Female,Control,2.2,2.15,2.15
ID0727,31,Female,Control,2.2,2.15,2.7249999999999996
ID0731,48,Female,Control,2.2,2.15,2.4375
ID0740,31,Female,Control,2.2,2.15,2.15
ID0745,99,Female,Control,2.8,2.7249999999999996,2.15
ID0747,37,Male,Control,5.2,5.0249999999999995,2.15
ID0748,99,Male,Control,4.9,4.7375,3.3
ID0750,119,Male,Control,2.2,2.15,2.15
ID0758,5,Male,Control,2.2,2.15,4.1625
ID0762,23,Female,Control,3.4,3.3,3.5875
ID0772,5,Female,Control,3.6999999999999997,3.5875,2.7249999999999996
ID0773,5,Male,Control,2.2,2.15,2.15
ID0779,49,Female,Control,2.2,2.15,2.15
ID0781,8,Female,Control,2.2,2.15,3.3
ID0792,117,Male,Control,2.8,2.7249999999999996,2.15
ID0793,16,Male,Control,2.2,2.15,2.15
ID0794,118,Female,Control,3.1,3.0124999999999997,2.15
ID0796,30,Female,Control,2.2,2.15,2.15
ID0804,4,Female,Control,2.2,2.15,4.1625
ID0807,99,Female,Control,2.2,2.15,2.15
ID0808,117,Male,Control,2.2,2.15,2.15
ID0809,108,Male,Control,2.2,2.15,2.15
ID0813,119,Female,Control,2.2,2.15,3.0124999999999997
ID0822,30,Female,Control,2.2,2.15,4.1625
ID0824,119,Female,Control,2.2,2.15,2.4375
ID0825,99,Female,Control,4.9,4.7375,3.5875
ID0836,4,Female,Control,2.2,2.15,4.1625
ID0837,48,Female,Control,2.5,2.4375,2.7249999999999996
ID0846,97,Male,Control,2.2,2.15,2.15
ID0847,5,Male,Control,2.2,2.15,2.15
ID0856,108,Female,Control,2.2,2.15,2.15
ID0858,16,Male,Control,3.4,3.3,3.875
ID0861,119,Female,Control,2.2,2.15,2.15
ID0865,109,Male,Control,2.2,2.15,2.15
ID0866,20,Female,Control,2.8,2.7249999999999996,2.7249999999999996
ID0868,6,Male,Control,2.2,2.15,2.15
ID0874,31,Female,Control,2.2,2.15,2.7249999999999996
ID0879,117,Female,Control,2.2,2.15,2.15
ID0880,15,Female,Control,2.2,2.15,2.4375
ID0882,42,Female,Control,4,3.875,2.15
ID0883,5,Male,Control,2.2,2.15,2.15
ID0888,56,Male,Control,3.6999999999999997,3.5875,3.5875
ID0896,30,Male,Control,2.2,2.15,2.15
ID0897,20,Female,Control,2.2,2.15,2.15
ID0904,30,Male,Control,2.2,2.15,2.15
ID0907,6,Male,Control,3.6999999999999997,3.5875,4.1625
ID0913,99,Male,Control,2.2,2.15,2.15
ID0915,49,Male,Control,2.2,2.15,2.15
ID0920,15,Male,Control,2.2,2.15,2.4375
ID0932,5,Male,Control,2.2,2.15,2.15
ID0934,4,Male,Control,2.2,2.15,2.4375
ID0939,17,Female,Control,3.4,3.3,2.7249999999999996
ID0945,4,Female,Control,2.2,2.15,3.5875
ID0948,4,Female,Control,2.2,2.15,3.5875
ID0954,6,Male,Control,2.2,2.15,2.15
ID0955,119,Female,Control,2.2,2.15,3.3
ID0959,31,Female,Control,2.2,2.15,2.15
ID0962,23,Female,Control,3.1,3.0124999999999997,3.3
ID0969,4,Male,Control,2.2,2.15,3.0124999999999997
ID0971,16,Male,Control,2.2,2.15,2.15
ID0973,16,Female,Control,2.2,2.15,2.15
ID0975,109,Female,Control,2.2,2.15,2.15
ID0976,103,Female,Control,6.1,5.887499999999999,4.7375
ID0979,48,Male,Control,2.2,2.15,2.15
ID0981,48,Male,Control,2.2,2.15,2.15
ID0989,17,Male,Control,2.2,2.15,2.15
ID0990,23,Male,Control,2.2,2.15,2.4375
ID0991,37,Female,Control,2.2,2.15,2.15
ID0995,50,Male,Control,2.5,2.4375,2.15
ID1000,42,Female,Control,4,3.875,3.3
ID1001,88,Male,Control,2.2,2.15,2.15
ID1002,17,Male,Control,4,3.875,3.0124999999999997
ID1004,118,Female,Control,2.8,2.7249999999999996,2.15
ID1005,108,Male,Control,2.2,2.15,2.4375
ID1008,99,Male,Control,2.2,2.15,2.15
ID1012,118,Male,Control,2.2,2.15,2.15
ID1020,49,Male,Control,2.2,2.15,2.15
ID1022,118,Female,Control,2.2,2.15,2.15
ID1025,56,Female,Control,3.4,3.3,3.3
ID1026,108,Male,Control,2.2,2.15,2.15
ID1027,30,Female,Control,2.2,2.15,2.15
ID1031,17,Male,Control,2.2,2.15,2.4375
ID1048,49,Male,Control,2.2,2.15,2.15
ID1049,16,Male,Control,2.2,2.15,2.15
ID1050,108,Female,Control,3.6999999999999997,3.5875,4.7375
ID1051,31,Female,Control,2.2,2.15,2.15
ID1053,109,Male,Control,2.2,2.15,3.0124999999999997
ID1054,6,Female,Control,2.2,2.15,2.4375
ID1060,8,Male,Control,2.5,2.4375,2.15
ID1066,108,Male,Control,2.2,2.15,2.15
ID1070,99,Female,Control,3.1,3.0124999999999997,2.4375
ID1077,6,Male,Control,2.2,2.15,2.15
ID1078,118,Female,Control,2.2,2.15,2.15
ID1085,20,Female,Control,2.2,2.15,2.15
ID1093,42,Female,Control,3.4,3.3,2.4375
ID1094,108,Male,Control,2.2,2.15,2.15
ID1095,20,Male,Control,2.2,2.15,3.0124999999999997
ID1096,20,Female,Control,2.2,2.15,2.15
ID1097,49,Male,Control,2.2,2.15,2.15
ID1099,23,Female,Control,3.6999999999999997,3.5875,3.5875
ID1100,97,Male,Control,2.2,2.15,2.15
ID1102,31,Male,Control,2.2,2.15,2.15
ID1108,109,Female,Control,2.8,2.7249999999999996,2.15
ID1122,99,Female,Control,3.4,3.3,2.15
ID1134,117,Male,Control,2.2,2.15,2.15
ID1135,16,Male,Control,2.2,2.15,2.15
ID1138,108,Female,Control,2.5,2.4375,2.7249999999999996
ID1141,6,Female,Control,2.2,2.15,2.15
ID1142,99,Male,Control,2.2,2.15,2.15
ID1147,23,Male,Control,2.2,2.15,2.7249999999999996
ID1158,31,Male,Control,2.2,2.15,2.15
ID1172,5,Male,Control,2.5,2.4375,2.15
ID1173,17,Female,Control,3.1,3.0124999999999997,2.15
ID1181,4,Female,Control,2.2,2.15,2.7249999999999996
ID1182,97,Male,Control,2.2,2.15,2.15
ID1189,48,Male,Control,3.4,3.3,3.875
ID1198,37,Female,Control,2.2,2.15,2.15
ID1201,99,Female,Control,2.2,2.15,2.15
ID1203,42,Female,Control,4,3.875,2.7249999999999996
ID1207,30,Male,Control,2.2,2.15,2.15
ID1208,118,Male,Control,2.2,2.15,2.15
ID1213,108,Female,Control,3.6999999999999997,3.5875,4.7375
ID1214,15,Male,Control,2.2,2.15,2.15
ID1215,16,Male,Control,2.2,2.15,2.4375
ID1216,20,Male,Control,2.2,2.15,2.15
ID1220,42,Male,Control,2.2,2.15,3.3
ID1221,5,Female,Control,2.2,2.15,2.15
ID1228,117,Male,Control,2.2,2.15,2.4375
ID1235,4,Male,Control,2.2,2.15,2.15
ID1237,22,Male,Control,2.2,2.15,2.15
ID1239,30,Female,Control,2.2,2.15,2.15
ID1241,15,Female,Control,4,3.875,5.3125
ID1242,48,Male,Control,4,3.875,3.0124999999999997
ID1243,109,Female,Control,4.3,4.1625,4.449999999999999
ID1249,16,Male,Control,2.2,2.15,2.15
ID1255,119,Female,Control,2.2,2.15,2.15
ID1260,56,Male,Control,3.6999999999999997,3.5875,3.3
ID1263,6,Female,Control,3.1,3.0124999999999997,2.15
ID1267,23,Male,Control,2.2,2.15,2.15
ID1268,31,Male,Control,2.2,2.15,2.15
ID1270,56,Male,Control,3.4,3.3,3.3
ID1281,5,Female,Control,2.2,2.15,2.15
ID1282,23,Female,Control,3.4,3.3,2.15
ID1300,17,Female,Control,2.5,2.4375,2.7249999999999996
ID1301,16,Male,Control,2.2,2.15,2.15
ID1308,4,Male,Control,2.2,2.15,2.15
ID1318,117,Female,Control,2.2,2.15,2.15
ID1323,42,Female,Control,2.5,2.4375,2.15
ID1326,5,Female,Control,2.2,2.15,2.7249999999999996
ID1328,15,Female,Control,2.2,2.15,2.15
ID1333,42,Male,Control,2.2,2.15,2.15
ID1338,108,Female,Control,2.8,2.7249999999999996,3.3
ID1347,118,Male,Control,2.5,2.4375,2.15
ID1348,23,Female,Control,4.3,4.1625,5.3125
ID1351,42,Female,Control,3.1,3.0124999999999997,2.7249999999999996
ID1354,119,Female,Control,2.2,2.15,3.875
ID1359,5,Male,Control,2.2,2.15,2.15
ID1363,37,Male,Control,2.2,2.15,2.15
ID1365,119,Male,Control,2.5,2.4375,2.15
ID1372,6,Male,Control,2.2,2.15,2.15
ID1373,48,Male,Control,3.1,3.0124999999999997,2.15
ID1375,20,Male,Control,2.5,2.4375,2.15
ID1376,119,Male,Control,2.2,2.15,2.15
ID1382,5,Male,Control,2.5,2.4375,2.15
ID1395,17,Female,Control,2.2,2.15,2.4375
ID1401,15,Female,Control,2.2,2.15,2.15
ID1407,109,Male,Control,2.2,2.15,2.15
ID1410,42,Female,Control,3.6999999999999997,3.5875,2.4375
ID1412,30,Female,Control,2.5,2.4375,3.875
ID1413,117,Male,Control,2.2,2.15,2.15
ID1414,15,Female,Control,2.2,2.15,2.4375
ID1422,99,Female,Control,3.4,3.3,2.15
ID1425,8,Female,Control,2.2,2.15,2.15
ID1426,30,Female,Control,5.5,5.3125,4.1625
ID1436,32,Female,Control,3.1,3.0124999999999997,2.15
ID1438,6,Male,Control,2.2,2.15,2.15
ID1443,8,Female,Control,5.5,5.3125,5.0249999999999995
ID1445,119,Male,Control,2.2,2.15,2.15
ID1446,23,Male,Control,2.2,2.15,2.15
ID1447,23,Female,Control,3.4,3.3,2.4375
ID1451,15,Male,Control,2.2,2.15,2.15
ID1452,5,Female,Control,2.5,2.4375,2.15
ID1454,5,Female,Control,2.2,2.15,2.15
ID1462,20,Male,Control,2.2,2.15,2.15
ID1468,20,Female,Control,4.3,4.1625,3.875
ID1469,99,Male,Control,2.5,2.4375,2.15
ID1474,12,Male,Control,2.2,2.15,2.15
ID1479,15,Male,Control,2.2,2.15,2.15
ID1483,6,Male,Control,2.2,2.15,2.15
ID1484,6,Male,Control,2.2,2.15,2.15
ID1488,118,Female,Control,2.2,2.15,2.15
ID1491,118,Female,Control,2.2,2.15,2.15
ID1497,6,Male,Control,2.2,2.15,2.15
ID1498,48,Female,Control,2.2,2.15,2.15
ID1500,117,Male,Control,2.2,2.15,2.15
ID1502,8,Female,Control,2.2,2.15,2.7249999999999996
ID1522,42,Male,Control,2.2,2.15,2.15
ID1523,4,Female,Control,2.2,2.15,3.3
ID1524,37,Male,Control,2.2,2.15,2.4375
ID1526,109,Female,Control,4.9,4.7375,2.15
ID1535,117,Female,Control,2.2,2.15,2.15
ID1547,119,Female,Control,4,3.875,3.875
ID1554,20,Female,Control,3.1,3.0124999999999997,3.3
ID1555,30,Female,Control,2.2,2.15,2.15
ID1567,49,Male,Control,2.2,2.15,2.15
ID1569,48,Male,Control,2.2,2.15,2.15
ID1570,6,Female,Control,2.2,2.15,2.15
ID1571,109,Female,Control,3.4,3.3,3.0124999999999997
ID1585,37,Male,Control,2.2,2.15,2.15
ID1586,49,Male,Control,2.2,2.15,2.15
ID1588,107,Male,Control,2.2,2.15,2.15
ID1591,49,Male,Control,2.2,2.15,2.15
ID1595,31,Male,Control,2.2,2.15,2.15
ID1598,49,Female,Control,2.2,2.15,2.15
ID1603,29,Female,Control,3.1,3.0124999999999997,2.15
ID1604,117,Female,Control,2.2,2.15,3.0124999999999997
ID1630,31,Male,Control,2.2,2.15,2.15
ID1632,42,Female,Control,4.3,4.1625,3.0124999999999997
ID1635,23,Male,Control,3.4,3.3,2.15
ID1637,42,Male,Control,2.8,2.7249999999999996,2.7249999999999996
ID1638,6,Female,Control,2.2,2.15,2.15
ID1639,5,Female,Control,2.2,2.15,2.15
ID1640,109,Male,Control,2.2,2.15,2.15
ID1642,4,Female,Control,2.2,2.15,2.15
ID1643,108,Male,Control,2.2,2.15,2.15
ID1646,108,Male,Control,2.2,2.15,2.15
ID1651,4,Female,Control,2.2,2.15,2.4375
ID1663,48,Female,Control,4.3,4.1625,4.1625
ID0008,22,Male,Treatment,2.1,1.95,1.95
ID0014,25,Female,Treatment,2.1,1.95,2.1875
ID0015,51,Male,Treatment,2.1,1.95,1.95
ID0016,51,Male,Treatment,2.1,1.95,1.95
ID0019,32,Male,Treatment,2.6500000000000004,2.425,1.95
ID0022,72,Female,Treatment,2.1,1.95,1.95
ID0025,87,Female,Treatment,2.9250000000000003,2.6624999999999996,2.9
ID0036,102,Male,Treatment,2.1,1.95,1.95
ID0039,28,Female,Treatment,3.475,3.1374999999999997,2.9
ID0048,51,Male,Treatment,2.1,1.95,1.95
ID0056,1,Female,Treatment,3.2,2.9,2.9
ID0059,7,Male,Treatment,2.1,1.95,1.95
ID0064,88,Female,Treatment,2.6500000000000004,2.425,1.95
ID0067,29,Female,Treatment,3.2,2.9,1.95
ID0069,7,Male,Treatment,3.2,2.9,2.6624999999999996
ID0074,28,Female,Treatment,2.1,1.95,1.95
ID0078,50,Female,Treatment,2.1,1.95,1.95
ID0089,28,Male,Treatment,2.1,1.95,1.95
ID0096,89,Female,Treatment,2.1,1.95,1.95
ID0097,28,Female,Treatment,2.1,1.95,2.425
ID0098,25,Male,Treatment,2.1,1.95,1.95
ID0109,10,Female,Treatment,2.1,1.95,1.95
ID0110,28,Female,Treatment,5.125,4.5625,3.8499999999999996
ID0114,22,Male,Treatment,2.1,1.95,1.95
ID0117,51,Male,Treatment,2.1,1.95,1.95
ID0120,72,Female,Treatment,2.6500000000000004,2.425,1.95
ID0124,32,Male,Treatment,2.1,1.95,1.95
ID0125,1,Female,Treatment,2.1,1.95,1.95
ID0126,32,Male,Treatment,2.1,1.95,1.95
ID0128,32,Female,Treatment,2.6500000000000004,2.425,2.1875
ID0132,72,Female,Treatment,4.025,3.6125,3.1374999999999997
ID0133,12,Male,Treatment,2.1,1.95,2.6624999999999996
ID0134,28,Male,Treatment,2.1,1.95,1.95
ID0140,88,Male,Treatment,2.375,2.1875,2.6624999999999996
ID0148,13,Male,Treatment,2.1,1.95,1.95
ID0155,28,Male,Treatment,2.1,1.95,1.95
ID0165,88,Male,Treatment,2.1,1.95,2.1875
ID0166,87,Female,Treatment,2.1,1.95,1.95
ID0167,87,Female,Treatment,2.1,1.95,2.9
ID0179,73,Male,Treatment,2.1,1.95,2.1875
ID0180,27,Female,Treatment,3.2,2.9,3.1374999999999997
ID0189,13,Male,Treatment,2.1,1.95,1.95
ID0192,103,Male,Treatment,2.375,2.1875,2.1875
ID0197,88,Female,Treatment,2.9250000000000003,2.6624999999999996,3.375
ID0199,50,Male,Treatment,2.6500000000000004,2.425,1.95
ID0203,18,Male,Treatment,4.025,3.6125,3.6125
ID0208,2,Male,Treatment,2.1,1.95,1.95
ID0214,25,Male,Treatment,2.1,1.95,2.1875
ID0236,88,Male,Treatment,2.1,1.95,1.95
ID0237,88,Female,Treatment,2.1,1.95,2.6624999999999996
ID0242,73,Female,Treatment,3.475,3.1374999999999997,2.9
ID0243,8,Female,Treatment,2.6500000000000004,2.425,2.6624999999999996
ID0248,27,Male,Treatment,2.6500000000000004,2.425,2.1875
ID0250,50,Female,Treatment,4.300000000000001,3.8499999999999996,3.8499999999999996
ID0258,2,Male,Treatment,2.1,1.95,1.95
ID0259,73,Male,Treatment,2.1,1.95,1.95
ID0260,13,Female,Treatment,2.1,1.95,1.95
ID0266,32,Male,Treatment,2.1,1.95,1.95
ID0269,103,Male,Treatment,2.1,1.95,1.95
ID0271,28,Female,Treatment,2.1,1.95,1.95
ID0274,50,Female,Treatment,2.1,1.95,1.95
ID0275,25,Female,Treatment,2.1,1.95,2.425
ID0276,51,Male,Treatment,2.1,1.95,1.95
ID0279,7,Male,Treatment,3.475,3.1374999999999997,1.95
ID0281,12,Female,Treatment,2.1,1.95,1.95
ID0283,28,Female,Treatment,2.1,1.95,2.1875
ID0286,1,Female,Treatment,2.1,1.95,1.95
ID0294,55,Male,Treatment,5.4,4.8,3.8499999999999996
ID0297,25,Male,Treatment,2.1,1.95,1.95
ID0299,25,Female,Treatment,2.9250000000000003,2.6624999999999996,2.425
ID0301,25,Female,Treatment,4.575,4.0875,3.375
ID0304,55,Female,Treatment,3.2,2.9,2.9
ID0309,2,Female,Treatment,2.1,1.95,1.95
ID0312,55,Female,Treatment,3.2,2.9,2.6624999999999996
ID0326,89,Male,Treatment,2.1,1.95,1.95
ID0327,27,Female,Treatment,2.1,1.95,2.1875
ID0333,1,Female,Treatment,2.9250000000000003,2.6624999999999996,1.95
ID0339,103,Female,Treatment,2.375,2.1875,1.95
ID0346,51,Female,Treatment,2.1,1.95,1.95
ID0351,50,Female,Treatment,2.9250000000000003,2.6624999999999996,3.6125
ID0355,27,Female,Treatment,2.6500000000000004,2.425,2.425
ID0357,50,Female,Treatment,4.025,3.6125,4.5625
ID0359,50,Female,Treatment,2.1,1.95,2.9
ID0361,55,Female,Treatment,3.2,2.9,2.1875
ID0366,12,Female,Treatment,3.2,2.9,2.9
ID0377,7,Female,Treatment,4.8500000000000005,4.324999999999999,4.0875
ID0380,50,Female,Treatment,2.375,2.1875,2.9
ID0384,25,Male,Treatment,2.1,1.95,1.95
ID0389,2,Male,Treatment,2.1,1.95,1.95
ID0392,87,Male,Treatment,2.1,1.95,1.95
ID0396,73,Male,Treatment,2.1,1.95,1.95
ID0397,89,Male,Treatment,2.9250000000000003,2.6624999999999996,1.95
ID0399,89,Male,Treatment,4.025,3.6125,2.425
ID0402,28,Female,Treatment,2.1,1.95,1.95
ID0414,55,Male,Treatment,2.375,2.1875,1.95
ID0416,50,Male,Treatment,2.1,1.95,1.95
ID0417,55,Female,Treatment,3.2,2.9,3.1374999999999997
ID0419,88,Male,Treatment,3.2,2.9,3.8499999999999996
ID0427,108,Female,Treatment,2.6500000000000004,2.425,4.324999999999999
ID0430,10,Male,Treatment,2.375,2.1875,4.0875
ID0434,25,Male,Treatment,2.1,1.95,1.95
ID0437,87,Male,Treatment,2.1,1.95,1.95
ID0442,103,Female,Treatment,2.9250000000000003,2.6624999999999996,1.95
ID0451,18,Female,Treatment,2.9250000000000003,2.6624999999999996,2.6624999999999996
ID0461,32,Female,Treatment,2.1,1.95,1.95
ID0469,107,Male,Treatment,2.1,1.95,1.95
ID0477,89,Male,Treatment,2.1,1.95,1.95
ID0478,29,Male,Treatment,2.375,2.1875,1.95
ID0486,29,Male,Treatment,2.1,1.95,1.95
ID0489,2,Male,Treatment,2.1,1.95,1.95
ID0493,50,Female,Treatment,3.475,3.1374999999999997,1.95
ID0504,107,Female,Treatment,5.125,4.5625,4.5625
ID0510,10,Male,Treatment,2.1,1.95,2.1875
ID0513,51,Male,Treatment,2.1,1.95,1.95
ID0519,72,Male,Treatment,2.1,1.95,1.95
ID0520,2,Male,Treatment,2.1,1.95,1.95
ID0527,50,Female,Treatment,2.1,1.95,1.95
ID0531,18,Female,Treatment,2.375,2.1875,2.1875
ID0536,28,Male,Treatment,2.1,1.95,1.95
ID0539,89,Female,Treatment,2.1,1.95,1.95
ID0541,28,Male,Treatment,2.1,1.95,1.95
ID0542,87,Female,Treatment,2.1,1.95,2.6624999999999996
ID0547,10,Female,Treatment,4.300000000000001,3.8499999999999996,2.9
ID0548,18,Male,Treatment,2.1,1.95,1.95
ID0549,88,Male,Treatment,2.1,1.95,1.95
ID0553,55,Female,Treatment,3.2,2.9,2.9
ID0559,7,Male,Treatment,5.125,4.5625,4.5625
ID0568,1,Male,Treatment,2.1,1.95,2.1875
ID0569,27,Male,Treatment,2.6500000000000004,2.425,3.1374999999999997
ID0570,13,Male,Treatment,2.1,1.95,1.95
ID0572,18,Male,Treatment,2.9250000000000003,2.6624999999999996,2.6624999999999996
ID0573,73,Male,Treatment,2.6500000000000004,2.425,2.1875
ID0574,51,Female,Treatment,2.1,1.95,1.95
ID0576,32,Male,Treatment,2.1,1.95,1.95
ID0588,28,Male,Treatment,2.1,1.95,1.95
ID0594,1,Female,Treatment,2.1,1.95,1.95
ID0596,29,Female,Treatment,2.1,1.95,1.95
ID0599,13,Male,Treatment,2.1,1.95,1.95
ID0612,27,Male,Treatment,2.375,2.1875,2.1875
ID0613,25,Female,Treatment,2.1,1.95,2.1875
ID0614,107,Female,Treatment,2.1,1.95,1.95
ID0616,13,Female,Treatment,2.1,1.95,1.95
ID0618,27,Female,Treatment,3.75,3.375,5.0375
ID0624,73,Female,Treatment,2.1,1.95,2.1875
ID0625,13,Female,Treatment,2.1,1.95,1.95
ID0626,12,Female,Treatment,2.375,2.1875,2.9
ID0634,25,Female,Treatment,4.8500000000000005,4.324999999999999,3.8499999999999996
ID0641,25,Male,Treatment,2.1,1.95,2.1875
ID0643,32,Female,Treatment,2.1,1.95,1.95
ID0652,50,Female,Treatment,2.1,1.95,3.8499999999999996
ID0660,103,Male,Treatment,2.9250000000000003,2.6624999999999996,2.1875
ID0661,18,Female,Treatment,2.375,2.1875,2.425
ID0663,103,Male,Treatment,2.375,2.1875,1.95
ID0670,10,Female,Treatment,2.6500000000000004,2.425,2.9
ID0671,7,Female,Treatment,2.1,1.95,1.95
ID0679,13,Male,Treatment,2.1,1.95,1.95
ID0682,51,Male,Treatment,2.1,1.95,1.95
ID0685,73,Female,Treatment,4.025,3.6125,2.9
ID0693,13,Male,Treatment,2.1,1.95,1.95
ID0699,2,Female,Treatment,2.1,1.95,1.95
ID0701,7,Male,Treatment,2.6500000000000004,2.425,2.425
ID0702,1,Male,Treatment,2.1,1.95,2.1875
ID0710,51,Female,Treatment,2.1,1.95,2.6624999999999996
ID0711,29,Female,Treatment,2.1,1.95,1.95
ID0714,27,Female,Treatment,2.9250000000000003,2.6624999999999996,3.6125
ID0717,28,Female,Treatment,2.1,1.95,2.425
ID0720,88,Female,Treatment,3.2,2.9,1.95
ID0725,12,Male,Treatment,2.1,1.95,1.95
ID0736,102,Female,Treatment,2.1,1.95,1.95
ID0741,89,Female,Treatment,2.375,2.1875,2.1875
ID0746,87,Female,Treatment,2.1,1.95,2.425
ID0749,89,Female,Treatment,2.9250000000000003,2.6624999999999996,1.95
ID0752,1,Female,Treatment,3.2,2.9,2.9
ID0754,87,Male,Treatment,2.1,1.95,1.95
ID0757,102,Female,Treatment,2.6500000000000004,2.425,2.425
ID0759,73,Female,Treatment,3.75,3.375,2.9
ID0761,51,Female,Treatment,2.1,1.95,1.95
ID0763,56,Female,Treatment,4.025,3.6125,3.1374999999999997
ID0765,22,Female,Treatment,2.1,1.95,1.95
ID0770,102,Female,Treatment,2.1,1.95,1.95
ID0771,28,Male,Treatment,2.1,1.95,1.95
ID0777,29,Male,Treatment,2.1,1.95,1.95
ID0778,1,Female,Treatment,2.1,1.95,1.95
ID0782,18,Male,Treatment,2.375,2.1875,2.1875
ID0785,88,Female,Treatment,4.300000000000001,3.8499999999999996,3.8499999999999996
ID0788,22,Female,Treatment,3.2,2.9,1.95
ID0797,18,Female,Treatment,2.6500000000000004,2.425,3.6125
ID0800,22,Male,Treatment,2.1,1.95,1.95
ID0802,27,Male,Treatment,2.1,1.95,1.95
ID0803,22,Female,Treatment,2.1,1.95,1.95
ID0805,55,Male,Treatment,3.2,2.9,2.9
ID0806,102,Female,Treatment,2.1,1.95,1.95
ID0810,12,Female,Treatment,2.1,1.95,2.9
ID0815,2,Male,Treatment,2.1,1.95,1.95
ID0827,1,Male,Treatment,2.1,1.95,1.95
ID0829,73,Male,Treatment,2.1,1.95,1.95
ID0831,13,Male,Treatment,2.1,1.95,1.95
ID0835,107,Female,Treatment,2.1,1.95,1.95
ID0839,25,Male,Treatment,2.1,1.95,1.95
ID0845,1,Male,Treatment,2.9250000000000003,2.6624999999999996,2.6624999999999996
ID0848,89,Female,Treatment,2.375,2.1875,1.95
ID0852,88,Female,Treatment,2.9250000000000003,2.6624999999999996,3.8499999999999996
ID0853,51,Male,Treatment,2.1,1.95,1.95
ID0860,25,Male,Treatment,2.1,1.95,1.95
ID0864,10,Female,Treatment,2.1,1.95,2.425
ID0869,32,Male,Treatment,2.375,2.1875,1.95
ID0870,7,Male,Treatment,3.75,3.375,1.95
ID0873,50,Male,Treatment,2.375,2.1875,2.1875
ID0878,102,Male,Treatment,2.1,1.95,1.95
ID0884,73,Female,Treatment,2.1,1.95,2.1875
ID0886,2,Male,Treatment,2.1,1.95,1.95
ID0893,107,Female,Treatment,4.300000000000001,3.8499999999999996,3.6125
ID0894,72,Male,Treatment,2.1,1.95,1.95
ID0895,12,Female,Treatment,2.1,1.95,1.95
ID0899,10,Male,Treatment,2.1,1.95,2.425
ID0900,72,Female,Treatment,2.375,2.1875,2.425
ID0901,32,Male,Treatment,2.9250000000000003,2.6624999999999996,1.95
ID0902,32,Male,Treatment,3.2,2.9,1.95
ID0903,55,Male,Treatment,3.2,2.9,2.9
ID0905,1,Male,Treatment,2.9250000000000003,2.6624999999999996,2.6624999999999996
ID0910,50,Female,Treatment,3.2,2.9,2.9
ID0911,55,Male,Treatment,3.2,2.9,1.95
ID0914,2,Male,Treatment,2.1,1.95,1.95
ID0917,2,Male,Treatment,2.1,1.95,1.95
ID0921,18,Female,Treatment,2.6500000000000004,2.425,2.6624999999999996
ID0924,107,Female,Treatment,3.75,3.375,1.95
ID0931,12,Male,Treatment,2.9250000000000003,2.6624999999999996,2.1875
ID0943,13,Female,Treatment,2.1,1.95,1.95
ID0949,22,Male,Treatment,2.375,2.1875,2.425
ID0953,12,Male,Treatment,2.375,2.1875,1.95
ID0961,27,Male,Treatment,2.1,1.95,1.95
ID0967,27,Female,Treatment,2.6500000000000004,2.425,2.425
ID0974,22,Female,Treatment,2.6500000000000004,2.425,2.425
ID0986,51,Male,Treatment,2.1,1.95,1.95
ID0992,1,Male,Treatment,2.1,1.95,1.95
ID0996,88,Male,Treatment,3.475,3.1374999999999997,4.8
ID0998,25,Female,Treatment,2.1,1.95,1.95
ID1003,72,Male,Treatment,2.1,1.95,1.95
ID1006,103,Female,Treatment,2.1,1.95,1.95
ID1013,72,Male,Treatment,3.475,3.1374999999999997,2.425
ID1014,1,Male,Treatment,2.1,1.95,1.95
ID1033,32,Female,Treatment,2.1,1.95,1.95
ID1036,1,Male,Treatment,2.1,1.95,1.95
ID1046,55,Female,Treatment,3.2,2.9,2.9
ID1056,55,Male,Treatment,3.2,2.9,1.95
ID1059,25,Female,Treatment,2.375,2.1875,2.6624999999999996
ID1063,22,Female,Treatment,2.375,2.1875,2.6624999999999996
ID1064,12,Female,Treatment,2.1,1.95,1.95
ID1065,10,Female,Treatment,2.1,1.95,1.95
ID1071,32,Female,Treatment,2.375,2.1875,1.95
ID1076,22,Male,Treatment,2.1,1.95,1.95
ID1084,72,Male,Treatment,3.75,3.375,2.425
ID1086,73,Female,Treatment,2.1,1.95,1.95
ID1090,102,Male,Treatment,2.1,1.95,1.95
ID1092,73,Female,Treatment,3.475,3.1374999999999997,3.8499999999999996
ID1104,107,Female,Treatment,2.1,1.95,1.95
ID1105,73,Male,Treatment,2.1,1.95,1.95
ID1107,88,Male,Treatment,2.1,1.95,1.95
ID1121,10,Female,Treatment,3.2,2.9,4.5625
ID1127,28,Female,Treatment,2.1,1.95,2.1875
ID1132,32,Female,Treatment,2.1,1.95,1.95
ID1137,107,Male,Treatment,2.1,1.95,1.95
ID1139,13,Female,Treatment,2.1,1.95,1.95
ID1146,29,Male,Treatment,2.1,1.95,1.95
ID1152,1,Male,Treatment,2.1,1.95,1.95
ID1157,22,Female,Treatment,2.1,1.95,2.1875
ID1169,7,Female,Treatment,2.1,1.95,1.95
ID1177,10,Female,Treatment,2.1,1.95,1.95
ID1180,2,Male,Treatment,2.1,1.95,1.95
ID1190,72,Female,Treatment,3.75,3.375,3.375
ID1193,72,Female,Treatment,2.9250000000000003,2.6624999999999996,3.375
ID1197,13,Male,Treatment,2.1,1.95,1.95
ID1199,12,Female,Treatment,2.6500000000000004,2.425,2.9
ID1205,88,Male,Treatment,2.6500000000000004,2.425,1.95
ID1206,2,Male,Treatment,2.1,1.95,1.95
ID1209,49,Female,Treatment,2.1,1.95,1.95
ID1211,22,Female,Treatment,2.1,1.95,1.95
ID1212,12,Female,Treatment,2.375,2.1875,2.9
ID1217,50,Female,Treatment,3.475,3.1374999999999997,3.8499999999999996
ID1218,87,Male,Treatment,2.1,1.95,2.1875
ID1224,102,Female,Treatment,2.1,1.95,1.95
ID1231,87,Male,Treatment,2.1,1.95,1.95
ID1234,103,Female,Treatment,3.2,2.9,1.95
ID1236,103,Female,Treatment,2.1,1.95,1.95
ID1240,18,Female,Treatment,2.375,2.1875,2.425
ID1244,29,Male,Treatment,2.1,1.95,1.95
ID1248,1,Female,Treatment,2.1,1.95,1.95
ID1251,102,Male,Treatment,2.1,1.95,1.95
ID1252,1,Female,Treatment,2.1,1.95,1.95
ID1253,102,Male,Treatment,2.1,1.95,1.95
ID1257,103,Male,Treatment,2.9250000000000003,2.6624999999999996,2.6624999999999996
ID1258,12,Male,Treatment,2.1,1.95,1.95
ID1265,7,Male,Treatment,2.1,1.95,1.95
ID1266,7,Male,Treatment,3.2,2.9,2.425
ID1273,72,Male,Treatment,2.1,1.95,1.95
ID1280,88,Female,Treatment,5.4,4.8,5.5125
ID1288,103,Male,Treatment,2.1,1.95,1.95
ID1290,50,Male,Treatment,2.375,2.1875,2.6624999999999996
ID1295,103,Male,Treatment,2.1,1.95,1.95
ID1298,89,Male,Treatment,2.1,1.95,1.95
ID1299,10,Female,Treatment,2.1,1.95,2.425
ID1303,55,Female,Treatment,3.2,2.9,2.9
ID1304,32,Male,Treatment,2.375,2.1875,1.95
ID1305,12,Male,Treatment,2.1,1.95,1.95
ID1306,89,Female,Treatment,2.1,1.95,1.95
ID1309,89,Male,Treatment,2.1,1.95,1.95
ID1320,1,Male,Treatment,2.1,1.95,1.95
ID1321,12,Male,Treatment,2.1,1.95,1.95
ID1324,12,Male,Treatment,2.1,1.95,1.95
ID1325,107,Male,Treatment,2.1,1.95,1.95
ID1334,10,Male,Treatment,2.1,1.95,1.95
ID1335,50,Female,Treatment,3.75,3.375,2.6624999999999996
ID1337,32,Female,Treatment,2.1,1.95,1.95
ID1340,55,Male,Treatment,3.2,2.9,2.9
ID1342,87,Male,Treatment,2.1,1.95,1.95
ID1343,102,Female,Treatment,2.375,2.1875,3.8499999999999996
ID1346,12,Female,Treatment,2.1,1.95,2.1875
ID1350,18,Male,Treatment,2.1,1.95,1.95
ID1358,102,Female,Treatment,2.1,1.95,1.95
ID1361,87,Male,Treatment,2.1,1.95,2.425
ID1367,87,Female,Treatment,2.1,1.95,1.95
ID1368,18,Female,Treatment,2.375,2.1875,2.425
ID1378,102,Male,Treatment,2.1,1.95,1.95
ID1380,32,Male,Treatment,2.1,1.95,1.95
ID1383,107,Male,Treatment,2.6500000000000004,2.425,1.95
ID1387,1,Female,Treatment,3.2,2.9,2.9
ID1389,87,Male,Treatment,2.1,1.95,1.95
ID1392,73,Female,Treatment,2.375,2.1875,2.1875
ID1397,89,Male,Treatment,2.6500000000000004,2.425,1.95
ID1398,13,Female,Treatment,2.1,1.95,1.95
ID1399,18,Male,Treatment,2.6500000000000004,2.425,2.1875
ID1403,22,Female,Treatment,2.1,1.95,2.1875
ID1417,32,Male,Treatment,2.375,2.1875,1.95
ID1418,29,Female,Treatment,2.1,1.95,1.95
ID1423,32,Female,Treatment,2.1,1.95,1.95
ID1424,73,Male,Treatment,2.1,1.95,1.95
ID1427,27,Male,Treatment,2.1,1.95,2.1875
ID1429,72,Female,Treatment,2.9250000000000003,2.6624999999999996,2.6624999999999996
ID1430,29,Female,Treatment,2.1,1.95,1.95
ID1431,25,Male,Treatment,2.6500000000000004,2.425,2.425
ID1435,107,Male,Treatment,2.1,1.95,1.95
ID1437,50,Female,Treatment,2.375,2.1875,4.324999999999999
ID1444,29,Female,Treatment,2.1,1.95,1.95
ID1456,7,Female,Treatment,2.1,1.95,1.95
ID1457,88,Male,Treatment,2.375,2.1875,2.1875
ID1466,13,Female,Treatment,2.1,1.95,1.95
ID1467,13,Female,Treatment,2.1,1.95,1.95
ID1470,29,Male,Treatment,2.1,1.95,1.95
ID1481,102,Female,Treatment,2.1,1.95,1.95
ID1485,10,Female,Treatment,2.6500000000000004,2.425,1.95
ID1486,29,Male,Treatment,2.1,1.95,1.95
ID1487,18,Female,Treatment,2.9250000000000003,2.6624999999999996,2.425
ID1489,12,Male,Treatment,2.1,1.95,2.6624999999999996
ID1496,22,Female,Treatment,3.2,2.9,2.6624999999999996
ID1504,13,Male,Treatment,2.1,1.95,1.95
ID1517,51,Male,Treatment,2.1,1.95,1.95
ID1528,73,Female,Treatment,4.8500000000000005,4.324999999999999,5.0375
ID1529,29,Male,Treatment,2.1,1.95,2.425
ID1530,102,Female,Treatment,3.2,2.9,3.8499999999999996
ID1538,18,Female,Treatment,5.125,4.5625,2.6624999999999996
ID1545,13,Male,Treatment,2.1,1.95,2.1875
ID1561,29,Male,Treatment,2.1,1.95,1.95
ID1575,87,Female,Treatment,3.475,3.1374999999999997,2.1875
ID1579,7,Female,Treatment,6.5,5.75,5.75
ID1581,50,Male,Treatment,3.2,2.9,1.95
ID1584,107,Female,Treatment,3.75,3.375,1.95
ID1587,1,Female,Treatment,2.1,1.95,2.9
ID1593,27,Female,Treatment,4.025,3.6125,3.6125
ID1594,1,Female,Treatment,4.025,3.6125,3.6125
ID1596,2,Male,Treatment,2.1,1.95,1.95
ID1605,29,Male,Treatment,2.1,1.95,1.95
ID1609,1,Female,Treatment,2.1,1.95,1.95
ID1628,51,Female,Treatment,3.75,3.375,1.95
ID1629,89,Female,Treatment,2.1,1.95,1.95
ID1631,88,Male,Treatment,2.375,2.1875,2.1875
ID1644,88,Male,Treatment,2.375,2.1875,2.1875
ID1647,107,Female,Treatment,5.675000000000001,5.0375,2.1875
ID1648,27,Male,Treatment,2.375,2.1875,1.95
ID1652,28,Male,Treatment,3.475,3.1374999999999997,3.1374999999999997
ID1653,51,Female,Treatment,2.1,1.95,2.6624999999999996
ID1659,10,Male,Treatment,2.1,1.95,2.1875
ID1665,7,Male,Treatment,4.300000000000001,3.8499999999999996,3.1374999999999997
ID1667,25,Male,Treatment,2.1,1.95,1.95
ID1674,107,Male,Treatment,2.1,1.95,1.95
